game,date_et,home_id,htm,away_id,vtm,home_pts,away_pts,status,periods
22501101,2026-03-31,1610612765,DET,1610612761,TOR,127,116,3,4
22501102,2026-03-31,1610612745,HOU,1610612752,NYK,111,94,3,4
22501103,2026-03-31,1610612747,LAL,1610612739,CLE,127,113,3,4
22501104,2026-03-31,1610612746,LAC,1610612757,POR,104,114,3,4
22501105,2026-04-01,1610612764,WAS,1610612755,PHI,131,153,3,4
22501106,2026-04-01,1610612748,MIA,1610612738,BOS,129,147,3,4
22501107,2026-04-01,1610612753,ORL,1610612737,ATL,101,130,3,4
22501108,2026-04-01,1610612761,TOR,1610612758,SAC,115,123,3,4
22501109,2026-04-01,1610612741,CHI,1610612754,IND,126,145,3,4
22501110,2026-04-01,1610612745,HOU,1610612749,MIL,119,113,3,4
22501111,2026-03-12,1610612763,MEM,1610612742,DAL,112,120,3,4
22501112,2026-04-01,1610612762,UTA,1610612743,DEN,117,130,3,4
22501113,2026-04-01,1610612744,GSW,1610612759,SAS,113,127,3,4
22501114,2026-04-02,1610612766,CHA,1610612756,PHX,127,107,3,4
22501115,2026-04-02,1610612765,DET,1610612750,MIN,113,108,3,4
22501116,2026-04-02,1610612760,OKC,1610612747,LAL,139,96,3,4
22501117,2026-04-02,1610612744,GSW,1610612739,CLE,111,118,3,4
22501118,2026-04-02,1610612757,POR,1610612740,NOP,118,106,3,4
22501119,2026-04-02,1610612746,LAC,1610612759,SAS,99,118,3,4
22501120,2026-04-03,1610612766,CHA,1610612754,IND,129,108,3,4
22501121,2026-04-03,1610612755,PHI,1610612750,MIN,115,103,3,4
22501122,2026-04-03,1610612751,BKN,1610612737,ATL,107,141,3,4
22501123,2026-04-03,1610612752,NYK,1610612741,CHI,136,96,3,4
22501124,2026-04-03,1610612745,HOU,1610612762,UTA,140,106,3,4
22501125,2026-04-03,1610612763,MEM,1610612761,TOR,96,128,3,4
22501126,2026-04-03,1610612749,MIL,1610612738,BOS,101,133,3,4
22501127,2026-04-03,1610612742,DAL,1610612753,ORL,127,138,3,4
22501128,2026-04-03,1610612758,SAC,1610612740,NOP,117,113,3,4
22501129,2026-04-04,1610612748,MIA,1610612764,WAS,152,136,3,4
22501130,2026-04-04,1610612743,DEN,1610612759,SAS,136,134,3,5
22501131,2026-04-04,1610612755,PHI,1610612765,DET,93,116,3,4
22501132,2026-04-05,1610612738,BOS,1610612761,TOR,115,101,3,4
22501133,2026-04-05,1610612751,BKN,1610612764,WAS,121,115,3,4
22501134,2026-04-05,1610612741,CHI,1610612756,PHX,110,120,3,4
22501135,2026-04-05,1610612749,MIL,1610612763,MEM,131,115,3,4
22501136,2026-04-05,1610612739,CLE,1610612754,IND,117,108,3,4
22501137,2026-04-05,1610612750,MIN,1610612766,CHA,108,122,3,4
22501138,2026-04-05,1610612740,NOP,1610612753,ORL,108,112,3,4
22501139,2026-04-05,1610612760,OKC,1610612762,UTA,146,111,3,4
22501140,2026-04-05,1610612742,DAL,1610612747,LAL,134,128,3,4
22501141,2026-04-05,1610612758,SAC,1610612746,LAC,109,138,3,4
22501142,2026-04-05,1610612744,GSW,1610612745,HOU,116,117,3,4
22501143,2026-04-06,1610612737,ATL,1610612752,NYK,105,108,3,4
22501144,2026-04-06,1610612753,ORL,1610612765,DET,123,107,3,4
22501145,2026-04-06,1610612763,MEM,1610612739,CLE,126,142,3,4
22501146,2026-04-06,1610612759,SAS,1610612755,PHI,115,102,3,4
22501147,2026-04-06,1610612743,DEN,1610612757,POR,137,132,3,5
22501148,2026-04-07,1610612764,WAS,1610612741,CHI,98,129,3,4
22501149,2026-04-07,1610612738,BOS,1610612766,CHA,113,102,3,4
22501150,2026-04-07,1610612751,BKN,1610612749,MIL,96,90,3,4
22501151,2026-04-07,1610612761,TOR,1610612748,MIA,121,95,3,4
22501152,2026-04-07,1610612754,IND,1610612750,MIN,104,124,3,4
22501153,2026-04-07,1610612740,NOP,1610612762,UTA,156,137,3,4
22501154,2026-04-07,1610612744,GSW,1610612758,SAC,110,105,3,4
22501155,2026-04-07,1610612747,LAL,1610612760,OKC,87,123,3,4
22501156,2026-04-07,1610612746,LAC,1610612742,DAL,116,103,3,4
22501157,2026-04-07,1610612756,PHX,1610612745,HOU,105,119,3,4
22501158,2026-04-08,1610612739,CLE,1610612737,ATL,122,116,3,4
22501159,2026-04-08,1610612753,ORL,1610612750,MIN,132,120,3,4
22501160,2026-04-08,1610612765,DET,1610612749,MIL,137,111,3,4
22501161,2026-04-08,1610612759,SAS,1610612757,POR,112,101,3,4
22501162,2026-04-08,1610612743,DEN,1610612763,MEM,136,119,3,4
22501163,2026-04-08,1610612746,LAC,1610612760,OKC,110,128,3,4
22501164,2026-04-08,1610612756,PHX,1610612742,DAL,112,107,3,4
22501165,2026-04-09,1610612761,TOR,1610612748,MIA,128,114,3,4
22501166,2026-04-09,1610612764,WAS,1610612741,CHI,108,119,3,4
22501167,2026-04-09,1610612751,BKN,1610612754,IND,94,123,3,4
22501168,2026-04-09,1610612752,NYK,1610612738,BOS,112,106,3,4
22501169,2026-04-09,1610612745,HOU,1610612755,PHI,113,102,3,4
22501170,2026-04-09,1610612744,GSW,1610612747,LAL,103,119,3,4
22501171,2026-04-10,1610612766,CHA,1610612765,DET,100,118,3,4
22501172,2026-04-10,1610612764,WAS,1610612748,MIA,117,140,3,4
22501173,2026-04-10,1610612737,ATL,1610612739,CLE,124,102,3,4
22501174,2026-04-10,1610612738,BOS,1610612740,NOP,144,118,3,4
22501175,2026-04-10,1610612754,IND,1610612755,PHI,94,105,3,4
22501176,2026-04-10,1610612752,NYK,1610612761,TOR,112,95,3,4
22501177,2026-04-10,1610612741,CHI,1610612753,ORL,103,127,3,4
22501178,2026-04-10,1610612745,HOU,1610612750,MIN,132,136,3,4
22501179,2026-04-10,1610612749,MIL,1610612751,BKN,125,108,3,4
22501180,2026-04-10,1610612759,SAS,1610612742,DAL,139,120,3,4
22501181,2026-04-10,1610612762,UTA,1610612763,MEM,147,101,3,4
22501182,2026-04-10,1610612743,DEN,1610612760,OKC,127,107,3,4
22501183,2026-04-10,1610612757,POR,1610612746,LAC,116,97,3,4
22501184,2026-04-10,1610612758,SAC,1610612744,GSW,124,118,3,4
22501185,2026-04-10,1610612747,LAL,1610612756,PHX,101,73,3,4
22501186,2026-04-12,1610612738,BOS,1610612753,ORL,113,108,3,4
22501187,2026-04-12,1610612739,CLE,1610612764,WAS,130,117,3,4
22501188,2026-04-12,1610612754,IND,1610612765,DET,121,133,3,4
22501189,2026-04-12,1610612748,MIA,1610612737,ATL,143,117,3,4
22501190,2026-04-12,1610612752,NYK,1610612766,CHA,96,110,3,4
22501191,2026-04-12,1610612755,PHI,1610612749,MIL,126,106,3,4
22501192,2026-04-12,1610612761,TOR,1610612751,BKN,136,101,3,4
22501193,2026-04-12,1610612742,DAL,1610612741,CHI,149,128,3,4
22501194,2026-04-12,1610612745,HOU,1610612763,MEM,132,101,3,4
22501195,2026-04-12,1610612750,MIN,1610612740,NOP,132,126,3,4
22501196,2026-04-12,1610612760,OKC,1610612756,PHX,103,135,3,4
22501197,2026-04-12,1610612759,SAS,1610612743,DEN,118,128,3,4
22501198,2026-04-12,1610612747,LAL,1610612762,UTA,131,107,3,4
22501199,2026-04-12,1610612746,LAC,1610612744,GSW,115,110,3,4
22501200,2026-04-12,1610612757,POR,1610612758,SAC,122,110,3,4
22501201,2025-12-09,1610612753,ORL,1610612748,MIA,117,108,3,4
22501202,2025-12-09,1610612761,TOR,1610612752,NYK,101,117,3,4
22501203,2025-12-10,1610612760,OKC,1610612756,PHX,138,89,3,4
22501204,2025-12-10,1610612747,LAL,1610612759,SAS,119,132,3,4
22501205,2025-12-11,1610612745,HOU,1610612746,LAC,115,113,3,4
22501206,2025-12-11,1610612749,MIL,1610612738,BOS,116,101,3,4
22501207,2025-12-11,1610612740,NOP,1610612757,POR,143,120,3,4
22501208,2025-12-11,1610612758,SAC,1610612743,DEN,105,136,3,4
22501209,2025-12-12,1610612766,CHA,1610612741,CHI,126,129,3,4
22501210,2025-12-12,1610612765,DET,1610612737,ATL,142,115,3,4
22501211,2025-12-12,1610612755,PHI,1610612754,IND,115,105,3,4
22501212,2025-12-12,1610612764,WAS,1610612739,CLE,126,130,3,4
22501213,2025-12-12,1610612763,MEM,1610612762,UTA,126,130,3,4
22501214,2025-12-12,1610612742,DAL,1610612751,BKN,119,111,3,4
22501215,2025-12-12,1610612744,GSW,1610612750,MIN,120,127,3,4
22501216,2025-12-14,1610612754,IND,1610612764,WAS,89,108,3,4
22501217,2025-12-14,1610612737,ATL,1610612755,PHI,120,117,3,4
22501218,2025-12-14,1610612739,CLE,1610612766,CHA,111,119,3,5
22501219,2025-12-14,1610612751,BKN,1610612749,MIL,127,82,3,4
22501220,2025-12-14,1610612750,MIN,1610612758,SAC,117,103,3,4
22501221,2025-12-14,1610612757,POR,1610612744,GSW,136,131,3,4
22501222,2025-12-15,1610612738,BOS,1610612765,DET,105,112,3,4
22501223,2025-12-14,1610612741,CHI,1610612740,NOP,104,114,3,4
22501224,2025-12-15,1610612762,UTA,1610612742,DAL,140,133,3,5
22501225,2025-12-15,1610612743,DEN,1610612745,HOU,128,125,3,5
22501226,2025-12-15,1610612746,LAC,1610612763,MEM,103,121,3,4
22501227,2025-12-15,1610612748,MIA,1610612761,TOR,96,106,3,4
22501228,2025-12-14,1610612756,PHX,1610612747,LAL,114,116,3,4
22501229,2025-12-13,1610612753,ORL,1610612752,NYK,120,132,3,4
22501230,2025-12-13,1610612760,OKC,1610612759,SAS,109,111,3,4
