team,abbr,name,status,date,type,detail,side,return_date,comment
Atlanta Hawks,ATL,Keshon Gilbert,Day-To-Day,2026-10-10T21:34Z,day-to-day,Tendinitis,Left,2026-10-12,"Gilbert (knee) has been ruled out for Saturday's preseason game against the Pacers, Brad Rowland of the Locked On Podcast Network reports."
Atlanta Hawks,ATL,Dorian Finney-Smith,Day-To-Day,2026-10-10T21:34Z,day-to-day,,,2026-10-12,"Finney-Smith (rest) is out for Saturday's exhibition against the Pacers, Brad Rowland of the Locked On Podcast Network reports."
Atlanta Hawks,ATL,Nickeil Alexander-Walker,Day-To-Day,2026-10-10T21:31Z,day-to-day,,,2026-10-12,"Alexander-Walker (rest) won't suit up for Saturday's preseason game in Indiana, Brad Rowland of the Locked On Podcast Network reports."
Atlanta Hawks,ATL,Henri Veesaar,Out,2026-09-21T19:50Z,out,,Right,2027-07-01,"Veesaar was diagnosed with a torn right ACL and is expected to miss the 2026-27 season, the Hawks announced Monday."
Atlanta Hawks,ATL,Mouhamed Gueye,Day-To-Day,2026-07-19T00:14Z,day-to-day,Fracture,Left,2026-10-21,"Gueye underwent surgery Tuesday to repair a fractured left foot that he suffered during a workout last week, Brad Rowland of the Locked On Podcast Network reports."
Boston Celtics,BOS,Devin Carter,Day-To-Day,2026-10-10T23:44Z,day-to-day,,,2026-10-14,"Carter finished with 17 points (5-9 FG, 1-3 3Pt, 6-6 FT), five rebounds, three assists and two steals in 25 minutes during Thursday's 124-113 preseason win over Cleveland."
Brooklyn Nets,BKN,Joshua Jefferson,Day-To-Day,2026-10-08T15:10Z,day-to-day,,,2026-10-12,"Jefferson (back) will not play in Thursday's preseason game against the 76ers, Brian Lewis of the New York Post reports."
Brooklyn Nets,BKN,Mikel Brown Jr.,Day-To-Day,2026-10-08T15:07Z,day-to-day,,Left,2026-10-12,"Brown (ankle) will miss Thursday's preseason game against Philadelphia, Brian Lewis of the New York Post reports."
Brooklyn Nets,BKN,Day'Ron Sharpe,Day-To-Day,2026-10-08T15:05Z,day-to-day,,Left,2026-10-12,"Sharpe has been ruled out for Thursday's preseason matchup against Philadelphia due to left shoulder soreness, Brian Lewis of the New York Post reports."
Brooklyn Nets,BKN,Michael Porter Jr.,Day-To-Day,2026-10-08T15:04Z,day-to-day,,Left,2026-10-12,"Porter will not play in Thursday's preseason game against Philadelphia due to left wrist soreness, Brian Lewis of the New York Post reports."
Charlotte Hornets,CHA,Brandon Miller,Day-To-Day,2026-10-06T21:21Z,day-to-day,Bruise,Not Specified,2026-10-11,Miller (leg) is listed as out for Tuesday's preseason game versus the Nets.
Charlotte Hornets,CHA,Christian Anderson,Day-To-Day,2026-10-06T21:16Z,day-to-day,Sprain,Left,2026-10-11,Anderson (ankle) won't play in Tuesday's preseason game against the Nets.
Charlotte Hornets,CHA,Kylan Boswell,Day-To-Day,2026-10-05T21:28Z,day-to-day,,Right,2026-10-21,"Boswell is rehabbing a right knee injury, and he's hopeful to be cleared for basketball activities prior to the start of the G League season in late October."
Charlotte Hornets,CHA,Coby White,Day-To-Day,2026-10-05T20:56Z,day-to-day,Strain,Left,2026-10-21,The Hornets announced Monday that White suffered a left calf strain during training camp and will not play during the preseason.
Charlotte Hornets,CHA,Kon Knueppel,Day-To-Day,2026-09-28T14:25Z,day-to-day,,Left,2026-10-21,"Hornets general manager Jeff Peterson said Monday that he ""doesn't know"" whether Knueppel (hamstring) will be available for the team's regular-season opener against the Nets, Owen Watterson of SI.com reports."
Charlotte Hornets,CHA,Grant Williams,Day-To-Day,2026-09-25T23:03Z,day-to-day,,Right,2026-10-21,"Williams will miss the preseason after suffering a right hamstring injury, the Hornets announced Friday."
Chicago Bulls,CHI,Matas Buzelis,Day-To-Day,2026-10-10T01:18Z,day-to-day,,Right,2026-10-11,"Buzelis exited to the locker room in the second quarter and will not return to Friday's preseason game against the Grizzlies due to a right ankle injury, K.C. Johnson of Chicago Sports Network reports. He'll finish with six points (3-6 FG, 0-2 3Pt) and one block in 12 minutes."
Chicago Bulls,CHI,Tre Jones,Day-To-Day,2026-10-09T22:29Z,day-to-day,,Left,2026-10-11,"Jones (hip) has been ruled out for Friday's preseason game against the Grizzlies, K.C. Johnson of Chicago Sports Network reports."
Chicago Bulls,CHI,Jalen Smith,Day-To-Day,2026-10-09T22:25Z,day-to-day,Soreness,Left,2026-10-11,"Smith (foot) has been ruled out for Friday's preseason game against the Grizzlies, K.C. Johnson of Chicago Sports Network reports."
Chicago Bulls,CHI,Zach Collins,Day-To-Day,2026-10-09T22:25Z,day-to-day,Surgery,Right,2026-10-11,"Collins (toe) won't play in Friday's preseason game against the Grizzlies, K.C. Johnson of Chicago Sports Network reports."
Chicago Bulls,CHI,Jaylin Sellers,Day-To-Day,2026-10-09T22:23Z,day-to-day,,,2026-10-11,"Sellers (back) won't play in Friday's preseason game against the Grizzlies, K.C. Johnson of Chicago Sports Network reports."
Chicago Bulls,CHI,Nic Claxton,Day-To-Day,2026-10-05T18:00Z,day-to-day,,Not Specified,2026-10-21,"Claxton tweaked his hamstring and will be re-evaluated in two weeks, Chuck Swirsky of the Bulls Radio Network of the Bulls Radio Network reports."
Cleveland Cavaliers,CLE,Khalifa Diop,Day-To-Day,2026-10-08T22:49Z,day-to-day,,,2026-10-11,"Diop (undisclosed) won't play in Thursday's preseason game against Boston, Serena Winters of FanDuel Sports Network Ohio reports."
Cleveland Cavaliers,CLE,Nae'Qwan Tomlin,Day-To-Day,2026-10-08T22:48Z,day-to-day,,,2026-10-11,"Tomlin (back) won't play in Thursday's preseason game against Boston, Serena Winters of FanDuel Sports Network Ohio reports."
Cleveland Cavaliers,CLE,James Harden,Day-To-Day,2026-10-08T22:42Z,day-to-day,Soreness,Right,2026-10-11,"Harden (ankle) has been ruled out for Thursday's preseason game against the Celtics, Serena Winters of FanDuel Sports Network Ohio reports."
Dallas Mavericks,DAL,Marcus Sasser,Day-To-Day,2026-10-09T12:11Z,day-to-day,,,2026-10-11,Sasser won't play in Friday's preseason game against the Rockets due to left adductor soreness.
Dallas Mavericks,DAL,P.J. Washington,Day-To-Day,2026-10-09T12:08Z,day-to-day,Sprain,Left,2026-10-11,Washington won't play in Friday's preseason game against the Rockets.
Dallas Mavericks,DAL,Caleb Martin,Day-To-Day,2026-10-09T12:05Z,day-to-day,,,2026-10-11,Martin won't play in Friday's preseason game against the Rocket due to an illness.
Dallas Mavericks,DAL,Dereck Lively II,Day-To-Day,2026-10-09T12:03Z,day-to-day,Surgery,Right,2026-10-11,Lively (foot) won't play in Friday's preseason game against the Rockets.
Dallas Mavericks,DAL,Santi Aldama,Day-To-Day,2026-10-09T12:01Z,day-to-day,,Not Specified,2026-10-11,Aldama (knee) won't play in Friday's preseason game against the Rockets.
Denver Nuggets,DEN,Spencer Jones,Day-To-Day,2026-10-08T21:51Z,day-to-day,,Not Specified,2026-10-11,"Jones (hamstring) participated in on-court work after Thursday's practice, Katy Winge of Altitude Sports reports."
Detroit Pistons,DET,Jalen Duren,Day-To-Day,2026-10-10T21:44Z,day-to-day,,,2026-10-14,"Duren (reconditioning) won't suit up for Saturday's preseason game against the Wizards, Josh Robbins of The Athletic reports."
Golden State Warriors,GS,Gary Payton II,Day-To-Day,2026-10-07T14:42Z,day-to-day,,,2026-10-10,"Payton (rest) is out for Wednesday's preseason game against the Trail Blazers, Dalton Johnson of NBC Sports Bay Area reports."
Golden State Warriors,GS,Georges Niang,Day-To-Day,2026-10-07T14:40Z,day-to-day,,,2026-10-10,"Niang (rest) won't travel with the Warriors for Wednesday's preseason game against Portland, Dalton Johnson of NBC Sports Bay Area reports."
Golden State Warriors,GS,De'Anthony Melton,Day-To-Day,2026-10-07T14:38Z,day-to-day,,,2026-10-10,"Melton (rest) won't travel with the Warriors for Wednesday's preseason game against the Trail Blazers, Dalton Johnson of NBC Sports Bay Area reports."
Golden State Warriors,GS,Kristaps Porzingis,Day-To-Day,2026-10-06T20:04Z,day-to-day,,,2026-10-21,"Porzingis (undisclosed) remains out indefinitely, per Anthony Slater of ESPN.com."
Golden State Warriors,GS,Jimmy Butler III,Out,2026-10-02T18:48Z,out,Surgery,Right,2027-01-02,"The Warriors hope to have Butler (knee) back early in 2027, per Keith Watkins of Yahoo Sports."
Golden State Warriors,GS,Moses Moody,Out,2026-09-28T15:06Z,out,Surgery,Left,2026-12-01,"Moody has progressed to light on-court activities as he continues his recovery from a ruptured left patellar tendon, Evan Webeck of The Mercury News reports."
Houston Rockets,HOU,Kevin Durant,Day-To-Day,2026-10-09T15:03Z,day-to-day,,,2026-10-15,"Durant will not play in Sunday's preseason rematch against Dallas, Varun Shankar of the Houston Chronicle reports. The forward finished Friday's preseason contest with 15 points (7-12 FG, 1-1 3Pt, 0-1 FT), two assists and one block in 23 minutes."
Indiana Pacers,IND,Tyrese Haliburton,Day-To-Day,2026-10-10T21:25Z,day-to-day,,Right,2026-10-13,"Haliburton will not play in Saturday's preseason game against the Hawks due to a right ankle injury, Tony East of Forbes.com reports."
Indiana Pacers,IND,Larry Nance Jr.,Day-To-Day,2026-10-09T18:20Z,day-to-day,,,2026-10-10,"Nance (hamstring) practiced Friday, per Tony East of Forbes.com."
Indiana Pacers,IND,T.J. McConnell,Day-To-Day,2026-10-07T22:43Z,day-to-day,,,2026-10-10,"McConnell (undisclosed) won't play in Wednesday's preseason game against Minnesota, per Tony East of Forbes.com."
Indiana Pacers,IND,Johnny Furphy,Out,2026-02-09T21:43Z,out,Surgery,Right,2027-01-01,"Furphy was diagnosed with a torn right ACL on Monday and will miss the remainder of the season, Michael Scotto of USA Today reports."
LA Clippers,LAC,Kobe Sanders,Day-To-Day,2026-10-07T20:42Z,day-to-day,,Left,2026-10-10,"Sanders (hip) was limited to individual player development work and did not take part in five-on-five activity Wednesday, Tomer Azarly of ClutchPoints.com reports. Azarly adds that the Clippers said Sanders is day-to-day."
LA Clippers,LAC,Bradley Beal,Day-To-Day,2026-10-07T20:35Z,day-to-day,Inflammation,Not Specified,2026-10-10,"Beal (knee) isn't participating in five-on-five work and is doing individual player development work, Tomer Azarly of ClutchPoints.com reports. Azarly adds that the Clippers said Wednesday that Beal is continuing to have inflammation managed."
LA Clippers,LAC,Max Strus,Out,2026-10-05T22:21Z,out,,Right,2026-11-02,"Strus has been diagnosed with a partially torn plantar fascia in his right foot and he will be re-evaluated in four weeks, Ohm Youngmisuk of ESPN.com reports."
LA Clippers,LAC,Yanic Konan Niederhauser,Out,2026-09-28T18:07Z,out,Surgery,Right,2026-11-01,"Niederhauser (foot) won't be ready for the start of the season, Law Murray of The Athletic reports."
LA Clippers,TOR,Brandon Ingram,Out,2026-09-28T18:01Z,out,Surgery,Not Specified,2026-11-01,"Ingram won't be ready for the start of the season due to a partially torn Achilles, per Joey Linn of SI.com."
LA Clippers,LAC,Jordan Miller,Out,2026-08-26T20:04Z,out,Surgery,,2027-03-01,"Miller underwent surgery Wednesday to repair a torn left rotator cuff and will be re-evaluated in six months, per Law Murray of The Athletic."
Los Angeles Lakers,LAL,Ziaire Williams,Day-To-Day,2026-10-10T20:03Z,day-to-day,Bruise,,2026-10-13,"Lakers head coach JJ Redick said Williams is dealing with a foot contusion, Benjamin Royer of The Orange County Register reports."
Los Angeles Lakers,LAL,Arthur Kaluma,Day-To-Day,2026-10-10T20:00Z,day-to-day,Not Specified,Not Specified,2026-10-13,"Lakers head coach JJ Redick said Kaluma (lower body) returned to practice Saturday, Benjamin Royer of The Orange County Register reports."
Los Angeles Lakers,LAL,Walker Kessler,Day-To-Day,2026-10-10T19:52Z,day-to-day,,Not Specified,2026-10-13,"Lakers head coach JJ Redick said Kessler participated in Saturday's practice but didn't do live work, though the center might return to scrimmaging Sunday, Jovan Buha of The Athletic reports."
Los Angeles Lakers,LAL,Collin Sexton,Day-To-Day,2026-10-10T19:50Z,day-to-day,,,2026-10-13,"Lakers head coach JJ Redick said Saturday that Sexton is day-to-day due to a lower-leg injury, Jovan Buha of The Athletic reports."
Los Angeles Lakers,LAL,Dalton Knecht,Day-To-Day,2026-10-09T01:04Z,day-to-day,Bruise,,2026-10-13,"Knecht won't play in Thursday's preseason game against the Kings due to a contusion, Mike Trudell of Spectrum SportsNet reports."
Los Angeles Lakers,LAL,Cameron Carr,Day-To-Day,2026-10-09T00:53Z,day-to-day,Bruise,,2026-10-13,"Carr (undisclosed) won't play in Thursday's preseason game against the Kings, Benjamin Royer of The Orange County Register reports."
Memphis Grizzlies,MEM,Micah Peavy,Day-To-Day,2026-10-10T02:41Z,day-to-day,,Not Specified,2026-10-16,Peavy (ankle) did not see the floor in Friday's 104-100 preseason win over the Bulls.
Memphis Grizzlies,MEM,Isaiah Stewart,Out,2026-10-09T23:01Z,out,,Left,2026-10-23,The Grizzlies announced Friday that Stewart (ankle) will miss at least two weeks.
Miami Heat,MIA,Bam Adebayo,Day-To-Day,2026-10-10T22:35Z,day-to-day,,,2026-10-14,"Adebayo won't be available for Saturday's preseason game against the Timberwolves due to rest, Eric Nehm of The Athletic reports."
Miami Heat,MIA,Andrew Wiggins,Day-To-Day,2026-10-10T22:32Z,day-to-day,,,2026-10-14,"Wiggins (rest) won't play in Saturday's preseason game against the Timberwolves, Eric Nehm of The Athletic reports."
Miami Heat,MIA,Klay Thompson,Day-To-Day,2026-10-10T22:31Z,day-to-day,,,2026-10-14,"Thompson (rest) is out for Saturday's preseason game against the Timberwolves, Eric Nehm of The Athletic reports."
Miami Heat,MIA,Giannis Antetokounmpo,Day-To-Day,2026-10-10T22:31Z,day-to-day,,,2026-10-14,"Antetokounmpo (rest) won't be available for Saturday's preseason game against the Timberwolves, Eric Nehm of The Athletic reports."
Miami Heat,MIA,Davion Mitchell,Day-To-Day,2026-10-10T22:27Z,day-to-day,,,2026-10-14,"Mitchell (rest) won't suit up for Saturday's exhibition against the Timberwolves, Eric Nehm of The Athletic reports."
Miami Heat,MIA,Kylor Kelley,Day-To-Day,2026-10-09T03:40Z,day-to-day,Strain,Right,2026-10-10,"Kelley (calf) signed a contract with the Heat on Thursday, Ira Winderman of the South Florida Sun Sentinel reports."
Miami Heat,MIA,Keshad Johnson,Out,2026-10-07T18:04Z,out,,,2026-10-26,"Johnson (hamstring) is practicing in a limited fashion, per Ira Winderman of the South Florida Sun Sentinel."
Miami Heat,MIA,Dru Smith,Day-To-Day,2026-10-01T16:15Z,day-to-day,Strain,Right,2026-10-16,"Smith will miss a couple weeks with a strained right calf, Ira Winderman of the South Florida Sun Sentinel reports."
Milwaukee Bucks,MIL,Nate Ament,Day-To-Day,2026-10-08T01:35Z,day-to-day,Sprain,Left,2026-10-11,"Ament won't return to Wednesday's preseason game against the Thunder due to a left ankle sprain. He'll finish with three points (1-7 FG, 0-1 3Pt, 1-4 FT), four rebounds, one assist and one steal in 10 minutes."
Minnesota Timberwolves,MIN,Rudy Gobert,Day-To-Day,2026-10-10T23:44Z,day-to-day,,,2026-10-12,Gobert (rest) has been ruled out for Saturday's game against the Heat.
Minnesota Timberwolves,MIN,Anthony Edwards,Day-To-Day,2026-10-10T23:38Z,day-to-day,,,2026-10-12,Edwards (rest) is not available for Saturday's preseason game against Miami.
Minnesota Timberwolves,MIN,LaMelo Ball,Day-To-Day,2026-10-10T23:37Z,day-to-day,,,2026-10-12,Ball (rest) has been ruled out for Saturday's preseason game against the Heat.
Minnesota Timberwolves,MIN,Jaden McDaniels,Day-To-Day,2026-10-10T23:35Z,day-to-day,,,2026-10-12,"McDaniels finished with 16 points (6-10 FG, 4-6 3Pt), three rebounds, one steal and one block in 21 minutes during Wednesday's 123-112 preseason loss to Indiana."
Minnesota Timberwolves,MIN,Jonathan Kuminga,Day-To-Day,2026-10-10T23:34Z,day-to-day,,,2026-10-12,"Kuminga finished with two points (1-9 FG, 0-3 3Pt), three assists, one rebound and one steal in 19 minutes during Wednesday's 123-112 preseason loss to the Pacers."
Minnesota Timberwolves,MIN,Ayo Dosunmu,Day-To-Day,2026-10-10T23:34Z,day-to-day,,,2026-10-12,"Dosunmu finished with five points (2-5 FG, 1-2 3Pt) and three rebounds across 13 minutes in Monday's 116-97 preseason win over Milwaukee."
Minnesota Timberwolves,MIN,Donte DiVincenzo,Out,2026-10-05T20:53Z,out,Surgery,Right,2027-04-01,"DiVincenzo (Achilles) remains confident that he'll return during the 2026-27 season, Jon Krawczynski of The Athletic reports."
New Orleans Pelicans,NO,Dejounte Murray,Day-To-Day,2026-10-08T22:28Z,day-to-day,Bruise,Right,2026-10-14,"Murray (toe) has been ruled out for Thursday's preseason game against the Heat, Andrew Lopez of Gulf Coast Sports &amp; Entertainment Network reports."
New York Knicks,NY,Kevin McCullar Jr.,Day-To-Day,2026-10-08T22:13Z,day-to-day,,,2026-10-12,"McCullar (undisclosed) won't play in Thursday's preseason game against the Wizards but is in line to suit up for Monday's preseason matchup with Minnesota, Stefan Bondy of The New York Post reports."
New York Knicks,NY,Tony Bradley,Day-To-Day,2026-10-08T22:08Z,day-to-day,,,2026-10-12,"Bradley (rest) is not in line to play in Thursday's preseason game against Wizards, Stefan Bondy of The New York Post reports."
New York Knicks,NY,Ochai Agbaji,Day-To-Day,2026-10-08T22:08Z,day-to-day,,,2026-10-12,"Agbaji (coach's decision) won't play in Thursday's preseason game against Washington, Stefan Bondy of The New York Post reports."
New York Knicks,NY,Drew Eubanks,Day-To-Day,2026-10-08T22:06Z,day-to-day,,,2026-10-12,"Eubanks (rest) is not in line to play in Thursday's preseason game against Wizards, Stefan Bondy of The New York Post reports."
Oklahoma City Thunder,OKC,Thomas Sorber,Day-To-Day,2026-10-10T19:47Z,day-to-day,Surgery,Right,2026-10-13,"Sorber (knee) won't play in Monday's preseason game against the Hawks, Clemente Almanza of USA Today reports."
Oklahoma City Thunder,OKC,Nikola Topic,Day-To-Day,2026-10-10T19:45Z,day-to-day,Surgery,Not Specified,2026-10-13,"Topic (back) won't play in Monday's preseason game against the Hawks, Clemente Almanza of USA Today reports."
Oklahoma City Thunder,OKC,Chet Holmgren,Day-To-Day,2026-10-10T19:43Z,day-to-day,,,2026-10-13,"Holmgren (quadriceps) won't play in Monday's preseason game against the Hawks, Clemente Almanza of USA Today reports."
Oklahoma City Thunder,OKC,Jaylin Williams,Day-To-Day,2026-10-10T19:40Z,day-to-day,,,2026-10-13,"Williams (heel) won't play in Monday's preseason game against Atlanta, Clemente Almanza of USA Today reports."
Oklahoma City Thunder,OKC,Kenrich Williams,Day-To-Day,2026-10-10T19:38Z,day-to-day,,,2026-10-13,"Williams (rest) won't play in Monday's preseason game against the Hawks, Clemente Almanza of USA Today reports."
Oklahoma City Thunder,OKC,Alex Caruso,Day-To-Day,2026-10-10T19:35Z,day-to-day,,,2026-10-13,"Caruso (rest) won't play in Monday's preseason game against the Hawks, Clemente Almanza of USA Today reports."
Oklahoma City Thunder,OKC,Jared McCain,Day-To-Day,2026-10-10T19:32Z,day-to-day,,,2026-10-13,"McCain (rest) has been ruled out for Monday's game against the Hawks, Clemente Almanza of USA Today reports."
Oklahoma City Thunder,OKC,Ajay Mitchell,Day-To-Day,2026-10-10T19:30Z,day-to-day,,,2026-10-13,"Mitchell (rest) won't play in Monday's preseason game against the Hawks, Clemente Almanza of USA Today reports."
Oklahoma City Thunder,OKC,Isaiah Hartenstein,Day-To-Day,2026-10-10T19:28Z,day-to-day,,,2026-10-13,"Hartenstein (ankle) won't play in Monday's preseason game against the Hawks, Clemente Almanza of USA Today reports."
Oklahoma City Thunder,OKC,Cason Wallace,Day-To-Day,2026-10-10T19:25Z,day-to-day,,,2026-10-13,"Wallace (rest) won't play in Monday's preseason game against the Hawks, Clemente Almanza of USA Today reports."
Oklahoma City Thunder,OKC,Jalen Williams,Day-To-Day,2026-10-10T19:19Z,day-to-day,,,2026-10-13,"Williams (rest) won't play in Monday's preseason game against the Hawks, Clemente Almanza of USA Today reports."
Oklahoma City Thunder,OKC,Shai Gilgeous-Alexander,Day-To-Day,2026-10-10T19:17Z,day-to-day,,,2026-10-13,"Gilgeous-Alexander (rest) won't play in Monday's preseason game against Atlanta, Clemente Almanza of USA Today reports."
Orlando Magic,ORL,Jalen Suggs,Day-To-Day,2026-10-10T18:53Z,day-to-day,,,2026-10-11,"Magic head coach Sean Sweeney said Suggs (illness) increased his activity level at Saturday's practice and looked more like himself, but they can't ""skip steps"" in the point guard's recovery, Jason Beede of the Orlando Sentinel reports."
Orlando Magic,ORL,Anthony Black,Day-To-Day,2026-10-09T20:29Z,day-to-day,Sprain,Not Specified,2026-10-11,"Black (ankle) was a full participant in Friday's practice, per Jason Beede of the Orlando Sentinel."
Orlando Magic,ORL,Noah Penda,Day-To-Day,2026-10-07T23:40Z,day-to-day,,Not Specified,2026-10-11,"Penda (hamstring) is out for Wednesday's preseason game in Memphis, Jason Beede of the Orlando Sentinel reports."
Orlando Magic,ORL,Jonathan Isaac,Day-To-Day,2026-10-06T15:42Z,day-to-day,Sprain,Left,2026-10-11,"Isaac (knee) won't travel with the Magic for Wednesday's preseason opener against the Grizzlies due to personal reasons, Jason Beede of the Orlando Sentinel reports."
Orlando Magic,ORL,Izaiyah Nelson,Out,2026-09-28T21:33Z,out,Surgery,Left,2026-11-01,"Team president Jeff Weltman said Monday that Nelson (ankle) remains about a month away from returning to the court after offseason surgery, per Philip Rossman-Reich of OrlandoMagicDaily.com."
Philadelphia 76ers,PHI,LeBron James,Day-To-Day,2026-10-10T23:03Z,day-to-day,,,2026-10-16,"James (rest) won't be available for Saturday's preseason contest against the Celtics, Tony Jones of The Athletic reports."
Philadelphia 76ers,PHI,Kentavious Caldwell-Pope,Day-To-Day,2026-10-10T22:52Z,day-to-day,,,2026-10-16,"Caldwell-Pope (rest) won't play in Saturday's exhibition against the Celtics, Tony Jones of The Athletic reports."
Philadelphia 76ers,PHI,Jaylen Brown,Day-To-Day,2026-10-10T22:49Z,day-to-day,,,2026-10-16,"Brown (rest) won't suit up for Saturday's preseason game in Boston, Tony Jones of The Athletic reports."
Philadelphia 76ers,PHI,Joel Embiid,Day-To-Day,2026-10-10T22:47Z,day-to-day,,,2026-10-16,"Embiid (rest) is out for Saturday's exhibition against the Celtics, Tony Jones of The Athletic reports."
Philadelphia 76ers,PHI,Dominick Barlow,Day-To-Day,2026-10-07T17:04Z,day-to-day,,,2026-10-16,"Barlow (back) isn't expected to play in either of Philadelphia's next two preseason games against Brooklyn and Boston, Dave McMenamin of ESPN.com reports."
Philadelphia 76ers,PHI,Anfernee Simons,Day-To-Day,2026-10-07T17:00Z,day-to-day,,,2026-10-16,"Simons (right hamstring) isn't expected to play in either of Philadelphia's next two preseason games against Brooklyn and Boston, Dave McMenamin of ESPN reports."
Philadelphia 76ers,PHI,Adem Bona,Day-To-Day,2026-10-07T16:56Z,day-to-day,Sprain,Not Specified,2026-10-16,"Bona (left foot) isn't expected to play in either of Philadelphia's next two preseason games against Brooklyn and Boston, Dave McMenamin of ESPN.com reports."
Philadelphia 76ers,PHI,Ariel Hukporti,Out,2026-10-06T19:17Z,out,Ruptured,Right,2027-10-01,"Hukporti has sustained a season-ending ruptured right Achilles tendon, per Shams Charania of ESPN."
Philadelphia 76ers,PHI,Tacko Fall,Day-To-Day,2026-10-01T22:07Z,day-to-day,,Left,2026-10-16,"Fall was diagnosed with a left hip strain Thursday and will miss at least two weeks, Kyle Neubeck of AllPHLY.com reports."
Phoenix Suns,PHX,Miles Bridges,Day-To-Day,2026-10-09T20:04Z,day-to-day,,Right,2026-10-10,"Head coach Jordan Ott said Friday that Bridges' X-rays came back negative, and he participated in Friday's practice, Duane Rankin of The Arizona Republic reports."
Phoenix Suns,PHX,Mark Williams,Out,2026-09-11T16:03Z,out,Surgery,Left,2027-02-03,"Williams underwent surgery Thursday to repair a torn labrum in his left shoulder and will miss an extended period of time, Shams Charania of ESPN reports."
Portland Trail Blazers,POR,Shaedon Sharpe,Out,2026-08-24T20:23Z,out,Surgery,Right,2027-03-02,"Sharpe suffered a torn meniscus in his knee and is expected to miss six months, per Shams Charania of ESPN."
Sacramento Kings,SAC,Dylan Cardwell,Day-To-Day,2026-10-10T23:09Z,day-to-day,,,2026-10-13,"Cardwell (rest) has been ruled out for Saturday's exhibition game against Golden State, Jason Anderson of The Sacramento Bee reports."
Sacramento Kings,SAC,Domantas Sabonis,Day-To-Day,2026-10-10T23:08Z,day-to-day,,,2026-10-13,"Sabonis (undisclosed) is out for Saturday's preseason game against the Warriors, Jason Anderson of The Sacramento Bee reports."
Sacramento Kings,SAC,Malik Monk,Day-To-Day,2026-10-10T23:07Z,day-to-day,,,2026-10-13,"Monk (rest) has been ruled out for Saturday's preseason game against the Warriors, Jason Anderson of The Sacramento Bee reports."
Sacramento Kings,SAC,Leaky Black,Day-To-Day,2026-10-09T05:26Z,day-to-day,Not Specified,Not Specified,2026-10-10,"Black (face) exited to the locker room in the fourth quarter of Thursday's 114-110 preseason loss to the Lakers and did not return, finishing with four points (2-2 FG), two rebounds, one assist and one steal across 11 minutes."
San Antonio Spurs,SA,De'Aaron Fox,Day-To-Day,2026-10-10T21:07Z,day-to-day,Soreness,,2026-10-10,"Fox (undisclosed) is considered a game-time decision for Saturday's preseason game against the Suns, Duane Rankin of The Arizona Republic reports."
San Antonio Spurs,SA,Malik Williams,Day-To-Day,2026-10-09T01:42Z,day-to-day,,,2026-10-10,"Williams (undisclosed) is out for Thursday's preseason game against the Hawks, Matt Guzman of SI.com reports."
San Antonio Spurs,SA,Maliq Brown,Day-To-Day,2026-10-08T17:20Z,day-to-day,,,2026-10-10,"Brown (back) is out for Thursday's preseason game against the Hawks, Tom Orsborn of the San Antonio Express-News reports."
San Antonio Spurs,SA,Jayden Quaintance,Out,2026-10-05T21:43Z,out,Surgery,Right,2026-12-01,"Quaintance has been around the team but has not yet been cleared for basketball activities, Matt Guzman of SI.com reports."
San Antonio Spurs,SA,Tobias Harris,Day-To-Day,2026-10-05T01:27Z,day-to-day,Strain,Left,2026-10-20,"Spurs head coach Mitch Johnson said they will not rush Tobias Harris (calf) back to the court, Jared Weiss of The Athletic reports."
Toronto Raptors,TOR,Alijah Martin,Day-To-Day,2026-10-10T21:01Z,day-to-day,,,2026-10-13,"Martin (knee) has been ruled out for Saturday's preseason game against the Clippers, Michael Grange of Sportsnet.ca reports."
Toronto Raptors,TOR,Nate Bittle,Day-To-Day,2026-10-10T20:58Z,day-to-day,,Right,2026-10-13,"Bittle (foot) has been ruled out for Saturday's exhibition game against the Clippers, Michael Grange of Sportsnet.ca reports."
Toronto Raptors,TOR,Trayce Jackson-Davis,Day-To-Day,2026-10-10T20:57Z,day-to-day,,,2026-10-13,"Jackson-Davis (dental) will not play against the Clippers in Saturday's preseason game, Michael Grange of Sportsnet.ca reports."
Toronto Raptors,TOR,Allen Graves,Day-To-Day,2026-10-10T20:55Z,day-to-day,Not Specified,Not Specified,2026-10-13,"Graves (groin) has been ruled for Saturday's preseason game against the Clippers, Michael Grange of Sportsnet.ca reports."
Toronto Raptors,TOR,Kawhi Leonard,Day-To-Day,2026-10-09T23:32Z,day-to-day,,,2026-10-13,"Leonard (not injury related) won't suit up for Saturday's exhibition against the Clippers, Tomer Azarly of ClutchPoints.com reports."
Utah Jazz,UTAH,Kyle Filipowski,Day-To-Day,2026-10-10T20:12Z,day-to-day,,,2026-10-21,"Jazz head coach Will Hardy said Saturday that Filipowski is progressing well and doing the necessary steps to get back on the court, but the big man doesn't have a return timeline, Shreyas Laddha of The Salt Lake Tribune reports."
Utah Jazz,UTAH,Jusuf Nurkic,Out,2026-10-07T23:07Z,out,,Right,2026-11-04,"Nurkic will miss at least the next four weeks due to a partial plantar plate tear of second toe in right foot, Chris Haynes of NBA TV reports."
Utah Jazz,UTAH,Lauri Markkanen,Day-To-Day,2026-10-07T00:50Z,day-to-day,Soreness,,2026-10-12,Markkanen won't play in Tuesday's preseason game against the Nuggets due to neck soreness.
Utah Jazz,UTAH,Brice Sensabaugh,Day-To-Day,2026-10-07T00:28Z,day-to-day,,Left,2026-10-12,Sensabaugh (hip) won't play in Tuesday's preseason game against the Nuggets.
Washington Wizards,WSH,Tre Mann,Day-To-Day,2026-10-10T21:40Z,day-to-day,,,2026-10-12,"Mann is out for Saturday's game against the Pistons due to general soreness, Josh Robbins of The Athletic reports."
Washington Wizards,WSH,Khris Middleton,Day-To-Day,2026-10-09T17:08Z,day-to-day,,,2026-10-10,"Middleton (rest) is trending in the right direction for Saturday's preseason game against Detroit, per Josh Robbins of The Athletic."
Washington Wizards,WSH,Tristan Vukcevic,Out,2026-10-01T19:11Z,out,,Left,2026-11-02,The Wizards announced Thursday that Vukcevic (hip) will be re-evaluated in four weeks.
Washington Wizards,WSH,Jamir Watkins,Out,2026-07-30T20:11Z,out,,Left,2027-04-01,The Wizards announced Thursday that Watkins has undergone surgery for a torn ACL.
